{
  "company_symbol": "ONGC",
  "order_type": "GTT_SELL",
  "quantity": 73,
  "average_buy_price": 235.04,
  "sell_price": 237.9,
  "trigger_price": 238.1,
  "target_net_profit_percentage": 1.0,
  "profit_analysis": {
    "buy_value": 17157.92,
    "sell_value": 17366.7,
    "gross_profit": 208.78000000000247,
    "gross_profit_percentage": 1.21681415929205,
    "charges": {
      "brokerage": 0.0,
      "stt": 17.3667,
      "exchange_charges": 0.59915115,
      "sebi_fees": 0.0173667,
      "dp_charges": 15.93,
      "gst": 0.11097321299999999,
      "total_charges": 34.024191063,
      "charges_per_share": 0.46608480908219185
    },
    "total_charges": 34.024191063,
    "charges_percentage": 0.198300208084663,
    "net_profit": 174.75580893700248,
    "net_profit_percentage": 1.018513951207387,
    "break_even_price": 235.50608480908218
  },
  "trigger_id": 301651294,
  "status": "PLACED",
  "timestamp": "2026-01-12T10:47:06.223869"
}