{
  "company_symbol": "POWERGRID",
  "order_type": "GTT_SELL",
  "quantity": 40,
  "average_buy_price": 262.77,
  "sell_price": 265.9,
  "trigger_price": 266.2,
  "target_net_profit_percentage": 1.0,
  "profit_analysis": {
    "buy_value": 10510.8,
    "sell_value": 10636.0,
    "gross_profit": 125.20000000000073,
    "gross_profit_percentage": 1.1911557635955468,
    "charges": {
      "brokerage": 0.0,
      "stt": 10.636000000000001,
      "exchange_charges": 0.366942,
      "sebi_fees": 0.010636,
      "dp_charges": 15.93,
      "gst": 0.06796403999999999,
      "total_charges": 27.011542040000002,
      "charges_per_share": 0.6752885510000001
    },
    "total_charges": 27.011542040000002,
    "charges_percentage": 0.2569884503558245,
    "net_profit": 98.18845796000073,
    "net_profit_percentage": 0.9341673132397224,
    "break_even_price": 263.445288551
  },
  "trigger_id": 301306891,
  "status": "PLACED",
  "timestamp": "2026-01-08T15:47:40.077339"
}