{
  "company_symbol": "POWERGRID",
  "order_type": "GTT_SELL",
  "quantity": 85,
  "average_buy_price": 259.06,
  "sell_price": 262.2,
  "trigger_price": 262.5,
  "target_net_profit_percentage": 1.0,
  "profit_analysis": {
    "buy_value": 22020.1,
    "sell_value": 22287.0,
    "gross_profit": 266.90000000000146,
    "gross_profit_percentage": 1.2120744229136176,
    "charges": {
      "brokerage": 0.0,
      "stt": 22.287,
      "exchange_charges": 0.7689015,
      "sebi_fees": 0.022286999999999998,
      "dp_charges": 15.93,
      "gst": 0.14241393,
      "total_charges": 39.15060242999999,
      "charges_per_share": 0.46059532270588227
    },
    "total_charges": 39.15060242999999,
    "charges_percentage": 0.1777948439380384,
    "net_profit": 227.74939757000146,
    "net_profit_percentage": 1.034279578975579,
    "break_even_price": 259.5205953227059
  },
  "trigger_id": 301781122,
  "status": "PLACED",
  "timestamp": "2026-01-12T21:56:11.495517"
}